{
    "type": "gun_pack:diamond_dimension",
    "generator": {
        "type": "minecraft:flat",
        "settings": {
            "layers": [
                {
                    "height": 5,
                    "block": "minecraft:diamond_block"
                },
                {
                    "height": 2,
                    "block": "minecraft:emerald_block"
                },
                {
                    "height": 1,
                    "block": "minecraft:bedrock"
                }
            ]
        },
        "biome": "plains",
        "lakes": true,
        "features":false,
        "structures": {
            "gun_pack:diamond_villager": {
                "spacing": 10,
                "separation": 5,
                "salt": 1
            }
        }
    }
}